Date,Biden,Warren,Sanders,Harris,Buttigieg,Biden_CABLETV,Warren_CABLETV,Sanders_CABLETV,Harris_CABLETV,Buttigieg_CABLETV,Biden_Google,Warren_Google,Sanders_Google,Harris_Google,Buttigieg_Google,Biden_MA7,Warren_MA7,Sanders_MA7,Harris_MA7,Buttigieg_MA7,Biden_CABLETV_MA7,Warren_CABLETV_MA7,Sanders_CABLETV_MA7,Harris_CABLETV_MA7,Buttigieg_CABLETV_MA7,Biden_Google_MA7,Warren_Google_MA7,Sanders_Google_MA7,Harris_Google_MA7,Buttigieg_Google_MA7
4-Jan-19,27,4,16,3,0,0.5324,1.5587,0.5785,0.2444,0,2,8,3,1,0,27,4,16,3,0,0.5324,1.5587,0.5785,0.2444,0,2,8,3,1,0
5-Jan-19,27,4,16,3,0,0.3626,3.1498,1.007,0.168,0,2,8,3,1,0,27,4,16,3,0,0.4475,2.35425,0.79275,0.2062,0,2,8,3,1,0
6-Jan-19,27,4,16,3,0,0.2648,3.9025,0.8414,0.2089,0,2,8,2,1,0,27,4,16,3,0,0.3866,2.870333333,0.808966667,0.2071,0,2,8,2.666666667,1,0
7-Jan-19,27,4,16,3,0,2.4141,3.3003,1.1137,0.0519,0,5,5,2,1,0,27,4,16,3,0,0.893475,2.977825,0.88515,0.1683,0,2.75,7.25,2.5,1,0
8-Jan-19,27,4,16,3,0,1.2332,2.3237,0.4344,0.8105,0,3,4,2,8,0,27,4,16,3,0,0.96142,2.847,0.795,0.29674,0,2.8,6.6,2.4,2.4,0
9-Jan-19,27,4,16,3,0,0.22,0.4292,0.3645,0.1532,0,2,2,3,5,0,27,4,16,3,0,0.83785,2.444033333,0.72325,0.272816667,0,2.666666667,5.833333333,2.5,2.833333333,0
10-Jan-19,27,4,16,3,0,0.1818,0.3667,0.1854,0.4152,0,1,2,2,4,0,27,4,16,3,0,0.744128571,2.147271429,0.646414286,0.293157143,0,2.428571429,5.285714286,2.428571429,3,0
11-Jan-19,32,9,15,6,0,0.1422,0.4606,0.3718,0.4987,0,2,2,2,12,0,27.71428571,4.714285714,15.85714286,3.428571429,0,0.688385714,1.9904,0.616885714,0.329485714,0,2.428571429,4.428571429,2.285714286,4.571428571,0
12-Jan-19,32,9,15,6,0,0.4509,0.6324,0.216,0.2523,0,2,3,2,8,0,28.42857143,5.428571429,15.71428571,3.857142857,0,0.701,1.630771429,0.503885714,0.341528571,0,2.428571429,3.714285714,2.142857143,5.571428571,0
13-Jan-19,32,9,15,6,0,0.7287,0.6788,0.5576,0.2582,0,3,2,2,5,0,29.14285714,6.142857143,15.57142857,4.285714286,0,0.767271429,1.170242857,0.463342857,0.348571429,0,2.571428571,2.857142857,2.142857143,6.142857143,0
14-Jan-19,32,9,15,6,0,1.0997,1.1826,0.2765,0.1177,0,2,5,2,3,0,29.85714286,6.857142857,15.42857143,4.714285714,0,0.5795,0.867714286,0.343742857,0.357971429,0,2.142857143,2.857142857,2.142857143,6.428571429,0
15-Jan-19,23.5,4.5,17,5.5,0,0.148,0.073,0.3517,0.454,0,1,2,2,4,0,29.35714286,6.928571429,15.57142857,5.071428571,0,0.424471429,0.546185714,0.331928571,0.307042857,0,1.857142857,2.571428571,2.142857143,5.857142857,0
16-Jan-19,23.5,4.5,17,5.5,0,0.2938,0.5761,0.3425,0.4715,0,1,2,2,4,0,28.85714286,7,15.71428571,5.428571429,0,0.435014286,0.567171429,0.328785714,0.352514286,0,1.714285714,2.571428571,2,5.714285714,0
17-Jan-19,23.5,4.5,17,5.5,0,0.1354,0.222,0.1099,0.0678,0,1,1,2,2,0,28.35714286,7.071428571,15.85714286,5.785714286,0,0.428385714,0.5465,0.318,0.302885714,0,1.714285714,2.428571429,2,5.428571429,0
18-Jan-19,26,6,16,9,0,0.2673,0.1152,0.1264,0.1407,0,2,1,2,2,0,27.5,6.642857143,16,6.214285714,0,0.446257143,0.497157143,0.282942857,0.251742857,0,1.714285714,2.285714286,2,4,0
19-Jan-19,26,6,16,9,0,0.1003,0.0333,0.0976,0.0808,0,2,2,2,2,0,26.64285714,6.214285714,16.14285714,6.642857143,0,0.396171429,0.411571429,0.266028571,0.227242857,0,1.714285714,2.142857143,2,3.142857143,0
20-Jan-19,35.5,4.5,10.5,6,0,0.1338,0.1889,0.0266,0.3503,0,1,4,1,2,0,27.14285714,5.571428571,15.5,6.642857143,0,0.311185714,0.341585714,0.190171429,0.2404,0,1.428571429,2.428571429,1.857142857,2.714285714,0
21-Jan-19,35.5,4.5,10.5,6,0,1.2932,1.1459,1.5775,3.8448,0,3,4,2,74,0,27.64285714,4.928571429,14.85714286,6.642857143,0,0.338828571,0.336342857,0.376028571,0.772842857,0,1.571428571,2.285714286,1.857142857,12.85714286,0
22-Jan-19,35.5,4.5,10.5,6,0,1.0155,0.423,0.8762,2.5053,0,3,3,3,49,0,29.35714286,4.928571429,13.92857143,6.714285714,0,0.462757143,0.386342857,0.450957143,1.065885714,0,1.857142857,2.428571429,2,19.28571429,0
23-Jan-19,35.5,4.5,10.5,6,0,0.2809,0.5238,0.3527,0.7779,0.3837,2,2,2,19,4,31.07142857,4.928571429,13,6.785714286,0,0.460914286,0.378871429,0.452414286,1.109657143,0.054814286,2,2.428571429,2,21.42857143,0.571428571
24-Jan-19,35.5,4.5,10.5,6,0,0.8656,0.606,0.3147,1.2271,0.1095,3,2,2,19,3,32.78571429,4.928571429,12.07142857,6.857142857,0,0.565228571,0.433728571,0.481671429,1.275271429,0.070457143,2.285714286,2.571428571,2,23.85714286,1
25-Jan-19,31,7,15.5,10.5,0,0.1859,0.8068,0.2656,0.29,0,2,3,2,11,1,33.5,5.071428571,12,7.071428571,0,0.5536,0.532528571,0.501557143,1.2966,0.070457143,2.285714286,2.857142857,2,25.14285714,1.142857143
26-Jan-19,31,7,15.5,10.5,0,0.2297,0.2839,0.4901,0.5198,0.0235,2,2,14,12,1,34.21428571,5.214285714,11.92857143,7.285714286,0,0.572085714,0.568328571,0.557628571,1.359314286,0.073814286,2.285714286,2.857142857,3.714285714,26.57142857,1.285714286
27-Jan-19,31,7,15.5,10.5,0,0.411,0.7252,0.3675,2.554,0.0495,2,2,7,44,1,33.57142857,5.571428571,12.64285714,7.928571429,0,0.611685714,0.644942857,0.606328571,1.674128571,0.080885714,2.428571429,2.571428571,4.571428571,32.57142857,1.428571429
28-Jan-19,31,7,15.5,10.5,0,0.6222,0.9224,0.7118,5.3851,0.035,3,2,5,46,1,32.92857143,5.928571429,13.35714286,8.571428571,0,0.515828571,0.613014286,0.482657143,1.894171429,0.085885714,2.428571429,2.285714286,5,28.57142857,1.571428571
29-Jan-19,31,7,15.5,10.5,0,0.8722,1.3732,0.7237,4.6733,0,2,3,4,48,1,32.28571429,6.285714286,14.07142857,9.214285714,0,0.495357143,0.748757143,0.460871429,2.203885714,0.085885714,2.285714286,2.285714286,5.142857143,28.42857143,1.714285714
30-Jan-19,31,7,15.5,10.5,0,0.6409,1.59,0.6848,3.5937,0,2,2,3,21,0,31.64285714,6.642857143,14.78571429,9.857142857,0,0.546785714,0.901071429,0.508314286,2.606142857,0.031071429,2.285714286,2.285714286,5.285714286,28.71428571,1.142857143
31-Jan-19,31,7,15.5,10.5,0,0.6617,0.9735,0.2567,1.7931,0,1,2,3,11,2,31,7,15.5,10.5,0,0.517657143,0.953571429,0.500028571,2.687,0.015428571,2,2.285714286,5.428571429,27.57142857,1
1-Feb-19,31,7,15.5,10.5,0,0.7407,1.7546,0.5406,2.6218,0,2,4,3,12,1,31,7,15.5,10.5,0,0.596914286,1.088971429,0.539314286,3.020114286,0.015428571,2,2.428571429,5.571428571,27.71428571,1
2-Feb-19,31,7,15.5,10.5,0,0.7646,1.267,0.531,2.6775,0,2,4,3,12,1,31,7,15.5,10.5,0,0.673328571,1.229414286,0.545157143,3.328357143,0.012071429,2,2.714285714,4,27.71428571,1
3-Feb-19,31,7,15.5,10.5,0,0.4168,0.8238,0.7459,1.8774,0,2,2,2,8,1,31,7,15.5,10.5,0,0.674157143,1.2435,0.599214286,3.2317,0.005,2,2.714285714,3.285714286,22.57142857,1
4-Feb-19,29,8,22,13,0,0.601,0.2492,0.3936,0.611,0,1,1,2,4,0,30.71428571,7.142857143,16.42857143,10.85714286,0,0.671128571,1.147328571,0.553757143,2.549685714,0,1.714285714,2.571428571,2.857142857,16.57142857,0.857142857
5-Feb-19,29,8,22,13,0,0.7162,0.7059,0.7501,0.7264,0,2,1,3,4,0,30.42857143,7.285714286,17.35714286,11.21428571,0,0.648842857,1.052,0.557528571,1.985842857,0,1.714285714,2.285714286,2.714285714,10.28571429,0.714285714
6-Feb-19,29,8,22,13,0,1.0662,3.563,1.0321,0.9668,0,3,13,10,10,1,30.14285714,7.428571429,18.28571429,11.57142857,0,0.7096,1.333857143,0.607142857,1.610571429,0,1.857142857,3.857142857,3.714285714,8.714285714,0.857142857
7-Feb-19,29,8,22,13,0,0.4638,2.3487,0.5604,1.0396,0,2,8,4,5,0,29.85714286,7.571428571,19.21428571,11.92857143,0,0.681328571,1.530314286,0.650528571,1.502928571,0,2,4.714285714,3.857142857,7.857142857,0.571428571
8-Feb-19,29,8,22,13,0,0.26,0.42,0.1115,0.3064,0,2,3,2,4,0,29.57142857,7.714285714,20.14285714,12.28571429,0,0.612657143,1.339657143,0.589228571,1.172157143,0,2,4.571428571,3.714285714,6.714285714,0.428571429
9-Feb-19,29,8,22,13,0,0.6655,7.0144,0.8439,1.0839,0.0327,2,17,3,5,1,29.28571429,7.857142857,21.07142857,12.64285714,0,0.5985,2.160714286,0.633928571,0.9445,0.004671429,2,6.428571429,3.714285714,5.714285714,0.428571429
10-Feb-19,29,8,22,13,0,0.5764,4.9482,0.6311,1.375,0.0555,3,17,3,5,1,29,8,22,13,0,0.6213,2.749914286,0.617528571,0.872728571,0.0126,2.142857143,8.571428571,3.857142857,5.285714286,0.428571429
11-Feb-19,30,8,21,11,0,0.7913,5.1564,0.6445,1.1103,0,3,7,2,10,1,29.14285714,8,21.85714286,12.71428571,0,0.648485714,3.450942857,0.653371429,0.944057143,0.0126,2.428571429,9.428571429,3.857142857,6.142857143,0.571428571
12-Feb-19,30,8,21,11,0,0.3834,1.0538,0.1103,0.9978,0,2,4,2,10,0,29.28571429,8,21.71428571,12.42857143,0,0.600942857,3.500642857,0.561971429,0.982828571,0.0126,2.428571429,9.857142857,3.714285714,7,0.571428571
13-Feb-19,30,8,21,11,0,0.3097,0.7754,0.403,0.7939,0,2,3,2,11,0,29.42857143,8,21.57142857,12.14285714,0,0.492871429,3.102414286,0.4721,0.958128571,0.0126,2.285714286,8.428571429,2.571428571,7.142857143,0.428571429
14-Feb-19,28.5,8.5,19,13,0,0.5855,0.3088,0.3474,0.7985,0.0635,2,2,2,6,1,29.35714286,8.071428571,21.14285714,12.14285714,0,0.510257143,2.811,0.441671429,0.923685714,0.021671429,2.285714286,7.571428571,2.285714286,7.285714286,0.571428571
15-Feb-19,28.5,8.5,19,13,0,0.7946,0.4669,0.3016,0.6962,0.021,3,2,2,4,2,29.28571429,8.142857143,20.71428571,12.14285714,0,0.586628571,2.8177,0.468828571,0.979371429,0.024671429,2.428571429,7.428571429,2.285714286,7.285714286,0.857142857
16-Feb-19,28.5,8.5,19,13,0,0.8475,0.5476,0.1079,1.4295,0,4,2,2,5,2,29.21428571,8.214285714,20.28571429,12.14285714,0,0.612628571,1.893871429,0.363685714,1.028742857,0.02,2.714285714,5.285714286,2.142857143,7.285714286,1
17-Feb-19,30,8,21,11,0,1.62,0.8529,0.7852,1.5352,0,4,2,4,6,1,29.35714286,8.214285714,20.14285714,11.85714286,0,0.761714286,1.308828571,0.3857,1.051628571,0.012071429,2.857142857,3.142857143,2.285714286,7.428571429,1
18-Feb-19,29,7,27,10,1,1.3241,0.6335,1.2992,1.5484,0,4,2,3,6,1,29.21428571,8.071428571,21,11.71428571,0.142857143,0.837828571,0.6627,0.479228571,1.114214286,0.012071429,3,2.428571429,2.428571429,6.857142857,1
19-Feb-19,32,5,22.66666667,10,0.333333333,1.4793,1.7095,9.2139,3.0058,0,10,4,66,9,2,29.5,7.642857143,21.23809524,11.57142857,0.19047619,0.994385714,0.756371429,1.779742857,1.401071429,0.012071429,4.142857143,2.428571429,11.57142857,6.714285714,1.285714286
20-Feb-19,32,5,22.66666667,10,0.333333333,1.3092,1.3541,6.9385,1.5327,0,7,3,51,8,1,29.78571429,7.214285714,21.47619048,11.42857143,0.238095238,1.137171429,0.839042857,2.713385714,1.506614286,0.012071429,4.857142857,2.428571429,18.57142857,6.285714286,1.428571429
21-Feb-19,29,7,27,10,1,0.6245,1.2357,1.8371,1.2032,0,5,3,26,13,1,29.85714286,7,22.61904762,11,0.380952381,1.142742857,0.971457143,2.9262,1.564428571,0.003,5.285714286,2.571428571,22,7.285714286,1.428571429
22-Feb-19,29,7,27,10,1,0.6554,0.5528,1.6423,1.8427,0,5,2,20,11,1,29.92857143,6.785714286,23.76190476,10.57142857,0.523809524,1.122857143,0.983728571,3.117728571,1.728214286,0,5.571428571,2.571428571,24.57142857,8.285714286,1.285714286
23-Feb-19,29,7,27,10,1,1.254,1.1695,2.7853,2.1034,0,3,2,14,9,1,30,6.571428571,24.9047619,10.14285714,0.666666667,1.180928571,1.072571429,3.500214286,1.824485714,0,5.428571429,2.571428571,26.28571429,8.857142857,1.142857143
24-Feb-19,29,7,27,10,1,0.9606,1.1568,4.3308,2.6783,0.0599,4,2,13,9,1,29.85714286,6.428571429,25.76190476,10,0.80952381,1.086728571,1.115985714,4.006728571,1.987785714,0.008557143,5.428571429,2.571428571,27.57142857,9.285714286,1.142857143
25-Feb-19,31,7,27,11,1,0.3945,1.1438,2.7582,1.3498,0,2,1,10,4,0,30.14285714,6.428571429,25.76190476,10.14285714,0.80952381,0.953928571,1.188885714,4.215157143,1.959414286,0.008557143,5.142857143,2.428571429,28.57142857,9,1
26-Feb-19,31,7,27,11,1,0.7578,1.0823,3.3567,0.8626,0,3,2,16,5,1,30,6.714285714,26.38095238,10.28571429,0.904761905,0.850857143,1.099285714,3.378414286,1.653242857,0.008557143,4.142857143,2.142857143,21.42857143,8.428571429,0.857142857
27-Feb-19,31,7,27,11,1,0.6193,0.3944,0.3997,0.6289,0,4,1,8,4,0,29.85714286,7,27,10.42857143,1,0.7523,0.962185714,2.4443,1.524128571,0.008557143,3.714285714,1.857142857,15.28571429,7.857142857,0.714285714
28-Feb-19,31,7,27,11,1,0.5146,0.0924,0.2462,0.1991,0,3,1,5,3,0,30.14285714,7,27,10.57142857,1,0.7366,0.798857143,2.217028571,1.380685714,0.008557143,3.428571429,1.571428571,12.28571429,6.428571429,0.571428571
1-Mar-19,29.5,7.5,26,10.5,0.5,1.8127,0.3409,0.7359,0.2622,0,5,1,7,2,1,30.21428571,7.071428571,26.85714286,10.64285714,0.928571429,0.901928571,0.768585714,2.087542857,1.1549,0.008557143,3.428571429,1.428571429,10.42857143,5.142857143,0.571428571
2-Mar-19,29.5,7.5,26,10.5,0.5,2.1873,0.6978,6.434,0.5493,0,4,1,16,2,1,30.28571429,7.142857143,26.71428571,10.71428571,0.857142857,1.035257143,0.7012,2.608785714,0.932885714,0.008557143,3.571428571,1.285714286,10.71428571,4.142857143,0.571428571
3-Mar-19,29.5,7.5,26,10.5,0.5,1.4221,0.7167,4.6794,0.559,0,4,2,14,3,1,30.35714286,7.214285714,26.57142857,10.78571429,0.785714286,1.101185714,0.638328571,2.658585714,0.630128571,0,3.571428571,1.285714286,10.85714286,3.285714286,0.571428571
4-Mar-19,29.5,7.5,26,10,0.5,0.9318,0.233,2.3002,0.4291,0,3,1,12,2,1,30.14285714,7.285714286,26.42857143,10.64285714,0.714285714,1.177942857,0.508214286,2.593157143,0.4986,0,3.714285714,1.285714286,11.14285714,3,0.714285714
5-Mar-19,31,7,27,10,1,0.7186,0.2665,1.7273,0.4347,0.0647,3,1,8,2,0,30.14285714,7.285714286,26.42857143,10.5,0.714285714,1.172342857,0.391671429,2.360385714,0.437471429,0.009242857,3.714285714,1.142857143,10,2.571428571,0.571428571
6-Mar-19,31,7,27,10,1,0.7543,0.1598,1.0465,0.3506,0,3,1,5,2,0,30.14285714,7.285714286,26.42857143,10.35714286,0.714285714,1.191628571,0.358157143,2.452785714,0.397714286,0.009242857,3.571428571,1.142857143,9.571428571,2.285714286,0.571428571
7-Mar-19,31,7,27,10,1,1.7626,0.4224,1.116,0.5607,0,4,1,6,2,1,30.14285714,7.285714286,26.42857143,10.21428571,0.714285714,1.369914286,0.4053,2.577042857,0.449371429,0.009242857,3.714285714,1.142857143,9.714285714,2.142857143,0.714285714
8-Mar-19,31,7,27,10,1,2.6553,1.3531,1.4849,0.5914,0.0782,5,3,6,2,1,30.35714286,7.214285714,26.57142857,10.14285714,0.785714286,1.490285714,0.5499,2.684042857,0.4964,0.020414286,3.714285714,1.428571429,9.571428571,2.142857143,0.714285714
9-Mar-19,31,7,27,10,1,2.8414,2.2327,1.9305,0.8685,0.2739,5,3,7,2,1,30.57142857,7.142857143,26.71428571,10.07142857,0.857142857,1.583728571,0.769171429,2.040685714,0.542,0.059542857,3.857142857,1.714285714,8.285714286,2.142857143,0.714285714
10-Mar-19,31,7,27,10,1,3.904,2.3436,4.4656,1.446,0.4738,8,2,8,2,1,30.78571429,7.071428571,26.85714286,10,0.928571429,1.938285714,1.001585714,2.010142857,0.668714286,0.127228571,4.428571429,1.714285714,7.428571429,2,0.714285714
11-Mar-19,35,7,27,8,1,2.743,1.7684,3.187,0.6529,0.2606,5,2,6,2,11,31.57142857,7,27,9.714285714,1,2.197028571,1.220928571,2.136828571,0.700685714,0.164457143,4.714285714,1.857142857,6.571428571,2,2.142857143
12-Mar-19,35,7,27,8,1,3.2955,0.9306,0.6327,0.2929,0.1069,10,2,6,2,4,32.14285714,7,27,9.428571429,1,2.565157143,1.3158,1.980457143,0.680428571,0.170485714,5.714285714,2,6.285714286,2,2.714285714
13-Mar-19,35,7,27,8,1,1.8494,1.0902,0.3827,0.1753,0,7,2,5,2,2,32.71428571,7,27,9.142857143,1,2.7216,1.448714286,1.885628571,0.655385714,0.170485714,6.285714286,2.142857143,6.285714286,2,3
14-Mar-19,31.5,6.5,23.5,10,1,1.1139,1.2748,0.9224,1.229,0.0468,6,3,6,3,3,32.78571429,6.928571429,26.5,9.142857143,1,2.628928571,1.570485714,1.857971429,0.750857143,0.177171429,6.571428571,2.428571429,6.285714286,2.142857143,3.285714286
15-Mar-19,31.5,6.5,23.5,10,1,1.0863,0.5785,1.1118,0.4908,0.0427,4,2,8,2,2,32.85714286,6.857142857,26,9.142857143,1,2.404785714,1.459828571,1.804671429,0.736485714,0.1721,6.428571429,2.285714286,6.571428571,2.142857143,3.428571429
16-Mar-19,31.5,6.5,23.5,10,1,1.5796,0.5484,1.6291,0.3891,0.1375,5,2,7,2,3,32.92857143,6.785714286,25.5,9.142857143,1,2.224528571,1.219214286,1.761614286,0.668,0.152614286,6.428571429,2.142857143,6.571428571,2.142857143,3.714285714
17-Mar-19,30,6.25,24,10,1.5,3.4692,1.0541,1.0577,0.4942,0.3753,10,2,7,2,6,32.78571429,6.678571429,25.07142857,9.142857143,1.071428571,2.162414286,1.035,1.274771429,0.532028571,0.138542857,6.714285714,2.142857143,6.428571429,2.142857143,4.428571429
18-Mar-19,30.66666667,6.333333333,24.66666667,9.333333333,2,4.4108,1.1675,2.6032,0.884,0.0447,9,2,6,2,4,32.16666667,6.583333333,24.73809524,9.333333333,1.214285714,2.400671429,0.949157143,1.191371429,0.565042857,0.1077,7.285714286,2.142857143,6.428571429,2.142857143,3.428571429
19-Mar-19,33,5.5,24,8,1.5,2.0556,3.542,1.5961,0.6344,0.1534,7,6,6,2,3,31.88095238,6.369047619,24.30952381,9.333333333,1.285714286,2.223542857,1.322214286,1.329,0.613828571,0.114342857,6.857142857,2.714285714,6.428571429,2.142857143,3.285714286
20-Mar-19,33,5.5,24,8,1.5,3.258,1.4754,2.3522,1.6486,0.2153,7,2,6,4,6,31.5952381,6.154761905,23.88095238,9.333333333,1.357142857,2.424771429,1.377242857,1.610357143,0.8243,0.1451,6.857142857,2.714285714,6.571428571,2.428571429,3.857142857
21-Mar-19,32,5.5,22,8,3,4.0265,0.8375,1.2246,0.7532,0.366,7,2,5,2,8,31.66666667,6.011904762,23.66666667,9.047619048,1.642857143,2.840857143,1.314771429,1.653528571,0.756328571,0.1907,7,2.571428571,6.428571429,2.285714286,4.571428571
22-Mar-19,32,5.5,22,8,3,2.211,0.9263,1.2757,0.8906,0.1704,6,2,5,2,7,31.73809524,5.869047619,23.45238095,8.761904762,1.928571429,3.001528571,1.364457143,1.676942857,0.813442857,0.208942857,7.285714286,2.571428571,6,2.285714286,5.285714286
23-Mar-19,32,5.5,22,8,3,0.0879,0.1291,0.283,0.3436,0.0206,4,1,6,3,6,31.80952381,5.726190476,23.23809524,8.476190476,2.214285714,2.788428571,1.304557143,1.484642857,0.806942857,0.192242857,7.142857143,2.428571429,5.857142857,2.428571429,5.714285714
24-Mar-19,32,5.5,22,8,3,0.2903,0.5043,0.5356,0.3389,0.1443,4,1,6,3,7,32.0952381,5.619047619,22.95238095,8.19047619,2.428571429,2.3343,1.226014286,1.410057143,0.784757143,0.159242857,6.285714286,2.285714286,5.714285714,2.571428571,5.857142857
25-Mar-19,30.75,5.5,19.75,8,2.75,0.2022,0.3265,0.3792,0.5045,0.1325,3,1,5,2,6,32.10714286,5.5,22.25,8,2.535714286,1.733071429,1.105871429,1.092342857,0.730542857,0.171785714,5.428571429,2.142857143,5.571428571,2.571428571,6.142857143
26-Mar-19,31.33333333,6,20,8,2.333333333,0.1526,0.151,0.0639,0.7145,0.1293,3,2,4,4,6,31.86904762,5.571428571,21.67857143,8,2.654761905,1.461214286,0.621442857,0.873457143,0.741985714,0.168342857,4.857142857,1.571428571,5.285714286,2.857142857,6.571428571
27-Mar-19,33,7,25,8,3,2.368,0.3738,0.4587,0.7576,0.1101,4,2,4,4,7,31.86904762,5.785714286,21.82142857,8,2.869047619,1.334071429,0.464071429,0.602957143,0.6147,0.153314286,4.428571429,1.571428571,5,2.857142857,6.714285714
28-Mar-19,33,7,25,8,3,1.4699,0.6777,0.5268,0.5489,0.4184,4,1,3,2,9,32.01190476,6,22.25,8,2.869047619,0.968842857,0.441242857,0.503271429,0.585514286,0.1608,4,1.428571429,4.714285714,2.857142857,6.857142857
29-Mar-19,33,7,25,8,3,0.4205,0.3283,0.2426,0.2413,0.1754,5,2,3,2,8,32.1547619,6.214285714,22.67857143,8,2.869047619,0.713057143,0.355814286,0.355685714,0.492757143,0.161514286,3.857142857,1.428571429,4.428571429,2.857142857,7
30-Mar-19,33,7,25,8,3,2.0269,0.7246,0.974,0.3519,0.1968,17,1,4,2,11,32.29761905,6.428571429,23.10714286,8,2.869047619,0.990057143,0.440885714,0.4544,0.493942857,0.186685714,5.714285714,1.428571429,4.142857143,2.714285714,7.714285714
31-Mar-19,33,7,25,8,3,5.9748,0.5483,0.8945,0.3298,0.0878,20,1,4,2,9,32.44047619,6.642857143,23.53571429,8,2.869047619,1.802128571,0.447171429,0.505671429,0.492642857,0.178614286,8,1.428571429,3.857142857,2.571428571,8
1-Apr-19,32,7,23,9,5,10.017,0.8964,1.296,0.1967,1.0077,28,2,4,2,10,32.61904762,6.857142857,24,8.142857143,3.19047619,3.204242857,0.528585714,0.636642857,0.448671429,0.303642857,11.57142857,1.571428571,3.714285714,2.571428571,8.571428571
2-Apr-19,32,7,23,9,5,9.1205,0.3107,2.2472,1.3448,1.3971,27,1,5,2,14,32.71428571,7,24.42857143,8.285714286,3.571428571,4.485371429,0.5514,0.948542857,0.538714286,0.484757143,15,1.428571429,3.857142857,2.285714286,9.714285714
3-Apr-19,32,7,23,9,5,7.5897,0.3575,2.1715,0.7324,0.6061,26,1,5,2,11,32.57142857,7,24.14285714,8.428571429,3.857142857,5.231328571,0.549071429,1.193228571,0.535114286,0.555614286,18.14285714,1.285714286,4,2,10.28571429
4-Apr-19,32,7,23,9,5,7.4772,0.4198,1.8572,0.3792,0.8889,27,1,5,2,11,32.42857143,7,23.85714286,8.571428571,4.142857143,6.089514286,0.512228571,1.383285714,0.510871429,0.622828571,21.42857143,1.285714286,4.285714286,2,10.57142857
5-Apr-19,34,6.5,21,9,4.5,10.6862,0.552,1.9285,0.7733,0.5317,28,1,6,2,8,32.57142857,6.928571429,23.28571429,8.714285714,4.357142857,7.556042857,0.544185714,1.624128571,0.586871429,0.673728571,24.71428571,1.142857143,4.714285714,2,10.57142857
6-Apr-19,34,6.5,21,9,4.5,7.8822,0.4345,1.7121,0.5555,0.2818,18,1,5,2,9,32.71428571,6.857142857,22.71428571,8.857142857,4.571428571,8.392514286,0.502742857,1.729571429,0.615957143,0.685871429,24.85714286,1.142857143,4.857142857,2,10.28571429
7-Apr-19,32,7,23,9,5,6.1253,0.4954,1.971,0.4982,0.7845,20,1,5,2,12,32.57142857,6.857142857,22.42857143,9,4.857142857,8.414014286,0.495185714,1.883357143,0.640014286,0.7854,24.85714286,1.142857143,5,2,10.71428571
8-Apr-19,31,7,23,9,7,2.1619,0.5855,2.7204,0.6783,1.2287,10,1,6,2,11,32.42857143,6.857142857,22.42857143,9,5.142857143,7.291857143,0.450771429,2.086842857,0.708814286,0.816971429,22.28571429,1,5.285714286,2,10.85714286
9-Apr-19,31,7,23,9,7,1.0039,0.2262,1.5165,0.5154,0.5726,6,1,6,2,9,32.28571429,6.857142857,22.42857143,9,5.428571429,6.132342857,0.4387,1.982457143,0.590328571,0.699185714,19.28571429,1,5.428571429,2,10.14285714
10-Apr-19,31,7,23,9,7,0.6098,0.4984,3.1015,0.412,0.4543,4,2,7,2,6,32.14285714,6.857142857,22.42857143,9,5.714285714,5.135214286,0.458828571,2.115314286,0.544557143,0.6775,16.14285714,1.142857143,5.714285714,2,9.428571429
11-Apr-19,27.33333333,6.666666667,24,8.333333333,8,0.981,1.2883,2.2151,0.9321,0.6056,4,1,6,1,6,31.47619048,6.80952381,22.57142857,8.904761905,6.142857143,4.207185714,0.5829,2.166442857,0.623542857,0.637028571,12.85714286,1.142857143,5.857142857,1.857142857,8.714285714
12-Apr-19,27.33333333,6.666666667,24,8.333333333,8,1.0343,1.0523,1.509,0.2413,2.6818,4,2,5,1,10,30.52380952,6.833333333,23,8.80952381,6.642857143,2.828342857,0.654371429,2.106514286,0.547542857,0.944185714,9.428571429,1.285714286,5.714285714,1.714285714,9
13-Apr-19,27.33333333,6.666666667,24,8.333333333,8,0.7355,0.5822,1.9632,0.558,1.6048,4,1,5,1,10,29.57142857,6.857142857,23.42857143,8.714285714,7.142857143,1.807385714,0.675471429,2.142385714,0.5479,1.133185714,7.428571429,1.285714286,5.714285714,1.571428571,9.142857143
14-Apr-19,27.33333333,6.666666667,24,8.333333333,8,0.8451,0.3685,2.863,0.5038,3.0083,3,1,6,3,28,28.9047619,6.80952381,23.57142857,8.619047619,7.571428571,1.053071429,0.657342857,2.269814286,0.5487,1.450871429,5,1.285714286,5.857142857,1.714285714,11.42857143
15-Apr-19,28.5,6.5,22,8,8.5,0.681,0.4071,4.3209,0.5057,2.7524,4,1,11,2,22,28.54761905,6.738095238,23.42857143,8.476190476,7.785714286,0.841514286,0.631857143,2.498457143,0.524042857,1.668542857,4.142857143,1.285714286,6.571428571,1.714285714,13
16-Apr-19,30,7,24,8,9,1.3395,0.6459,6.4311,0.7442,2.5501,4,1,20,2,23,28.4047619,6.738095238,23.57142857,8.333333333,8.071428571,0.889457143,0.691814286,3.200542857,0.556728571,1.951042857,3.857142857,1.285714286,8.571428571,1.714285714,15
17-Apr-19,30,7,24,8,9,1.4421,0.5009,6.0061,0.4667,1.8881,4,1,12,2,18,28.26190476,6.738095238,23.71428571,8.19047619,8.357142857,1.008357143,0.692171429,3.615485714,0.564542857,2.155871429,3.857142857,1.142857143,9.285714286,1.714285714,16.71428571
18-Apr-19,30,7,24,8,9,0.4003,0.0899,0.8231,0.1718,0.2755,3,1,8,2,12,28.64285714,6.785714286,23.71428571,8.142857143,8.5,0.9254,0.520971429,3.416628571,0.455928571,2.108714286,3.714285714,1.142857143,9.571428571,1.857142857,17.57142857
19-Apr-19,30,7,24,8,9,2.7453,0.8327,0.6462,0.5199,0.1548,7,2,7,2,11,29.02380952,6.833333333,23.71428571,8.095238095,8.642857143,1.169828571,0.4896,3.293371429,0.495728571,1.747714286,4.142857143,1.142857143,9.857142857,2,17.71428571
20-Apr-19,30,7,24,8,9,3.1406,3.1805,0.9342,0.5649,0.5158,6,4,6,2,10,29.4047619,6.880952381,23.71428571,8.047619048,8.785714286,1.513414286,0.860785714,3.146371429,0.496714286,1.592142857,4.428571429,1.571428571,10,2.142857143,17.71428571
21-Apr-19,30,7,24,8,9,3.0073,1.9127,1.7156,0.7914,0.3296,5,2,5,1,11,29.78571429,6.928571429,23.71428571,8,8.928571429,1.8223,1.081385714,2.982457143,0.5378,1.209471429,4.714285714,1.714285714,9.857142857,1.857142857,15.28571429
22-Apr-19,36,9,22,7,8,3.0752,2.7799,2.1658,0.7055,1.0913,5,6,5,2,7,30.85714286,7.285714286,23.71428571,7.857142857,8.857142857,2.164328571,1.420357143,2.674585714,0.566342857,0.972171429,4.857142857,2.428571429,9,1.857142857,13.14285714
23-Apr-19,36,9,22,7,8,4.9906,3.6172,5.4894,2.6657,2.9266,10,10,11,6,16,31.71428571,7.571428571,23.42857143,7.714285714,8.714285714,2.685914286,1.844828571,2.540057143,0.840842857,1.025957143,5.714285714,3.714285714,7.714285714,2.428571429,12.14285714
24-Apr-19,36,9,22,7,8,5.7498,1.8507,4.7142,2.2034,1.1143,9,5,9,3,9,32.57142857,7.857142857,23.14285714,7.571428571,8.571428571,3.3013,2.037657143,2.3555,1.088942857,0.915414286,6.428571429,4.285714286,7.285714286,2.571428571,10.85714286
25-Apr-19,37.5,8.5,18.5,6,7.5,23.5256,1.6065,4.3531,1.3564,1.6225,72,4,13,3,10,33.64285714,8.071428571,22.35714286,7.285714286,8.357142857,6.604914286,2.254314286,2.859785714,1.258171429,1.107842857,16.28571429,4.714285714,8,2.714285714,10.57142857
26-Apr-19,37.66666667,9.666666667,16,6.666666667,8.333333333,24.0968,1.5213,4.324,1.019,0.9299,46,3,9,2,6,34.73809524,8.452380952,21.21428571,7.095238095,8.261904762,9.655128571,2.352685714,3.385185714,1.329471429,1.218571429,21.85714286,4.857142857,8.285714286,2.714285714,9.857142857
27-Apr-19,37.66666667,9.666666667,16,6.666666667,8.333333333,10.4819,1.1844,1.7349,0.4519,0.406,26,3,8,2,6,35.83333333,8.833333333,20.07142857,6.904761905,8.166666667,10.70388571,2.067528571,3.499571429,1.313328571,1.202885714,24.71428571,4.714285714,8.571428571,2.714285714,9.285714286
28-Apr-19,37.66666667,9.666666667,16,6.666666667,8.333333333,5.5195,0.8871,2.2478,0.8663,0.5981,16,3,7,3,5,36.92857143,9.214285714,18.92857143,6.714285714,8.071428571,11.06277143,1.921014286,3.5756,1.324028571,1.241242857,26.28571429,4.857142857,8.857142857,3,8.428571429
29-Apr-19,39,10,15,7.5,8,14.3126,1.3897,1.4022,0.7943,1.037,19,2,5,2,6,37.35714286,9.357142857,17.92857143,6.785714286,8.071428571,12.66811429,1.722414286,3.466514286,1.336714286,1.233485714,28.28571429,4.285714286,8.857142857,3,8.285714286
30-Apr-19,42,6.5,16.5,8,4,13.1931,1.0546,3.5984,0.6931,0.6788,21,2,6,2,7,38.21428571,9,17.14285714,6.928571429,7.5,13.8399,1.356328571,3.196371429,1.054914286,0.912371429,29.85714286,3.142857143,8.142857143,2.428571429,7
1-May-19,42,6.5,16.5,8,4,2.9845,0.8902,1.4052,0.8286,0.4076,15,2,5,6,5,39.07142857,8.642857143,16.35714286,7.071428571,6.928571429,13.44485714,1.219114286,2.723657143,0.858514286,0.811414286,30.71428571,2.714285714,7.571428571,2.857142857,6.428571429
2-May-19,40,8,19,7,6,4.4874,0.5657,0.7745,2.8634,0.543,12,2,4,9,5,39.42857143,8.571428571,16.42857143,7.214285714,6.714285714,10.72511429,1.070428571,2.212428571,1.0738,0.6572,22.14285714,2.428571429,6.285714286,3.714285714,5.714285714
3-May-19,43,7.5,16.5,6.5,7,3.6935,0.8208,1.9183,1.4903,0.4155,10,2,4,5,5,40.19047619,8.261904762,16.5,7.19047619,6.523809524,7.810357143,0.970357143,1.868757143,1.141128571,0.583714286,17,2.285714286,5.571428571,4.142857143,5.571428571
4-May-19,43,7.5,16.5,6.5,7,5.0272,1.7596,2.1623,1.3061,0.7052,12,2,4,5,5,40.95238095,7.952380952,16.57142857,7.166666667,6.333333333,7.031114286,1.052528571,1.929814286,1.263157143,0.626457143,15,2.142857143,5,4.571428571,5.428571429
5-May-19,40,8,19,7,6,5.9792,0.6676,2.1276,1.3863,0.7885,11,3,4,3,5,41.28571429,7.714285714,17,7.214285714,6,7.096785714,1.021171429,1.912642857,1.337442857,0.653657143,14.28571429,2.142857143,4.571428571,4.571428571,5.428571429
6-May-19,39,8,19,8,6,4.7755,0.4205,2.251,1.1517,0.5091,8,1,4,2,3,41.28571429,7.428571429,17.57142857,7.285714286,5.714285714,5.734342857,0.882714286,2.0339,1.3885,0.578242857,12.71428571,2,4.428571429,4.571428571,5
7-May-19,39,8,19,8,6,5.1542,0.8071,1.7733,0.9323,1.4154,14,2,4,2,4,40.85714286,7.642857143,17.92857143,7.285714286,6,4.585928571,0.847357143,1.773171429,1.422671429,0.683471429,11.71428571,2,4.142857143,4.571428571,4.571428571
8-May-19,39,8,19,8,6,1.3972,1.2025,0.5161,0.4915,0.2212,9,2,3,2,3,40.42857143,7.857142857,18.28571429,7.285714286,6.285714286,4.359171429,0.891971429,1.646157143,1.374514286,0.656842857,10.85714286,2,3.857142857,4,4.285714286
9-May-19,39,8,19,8,6,2.08,0.8703,1.1099,0.6336,0.5044,7,2,4,2,3,40.28571429,7.857142857,18.28571429,7.428571429,6.285714286,4.015257143,0.935485714,1.694071429,1.055971429,0.651328571,10.14285714,2,3.857142857,3,4
10-May-19,36,9,22,9,7,5.9014,1.6326,1.7452,1.0512,0.2878,8,2,4,2,3,39.28571429,8.071428571,19.07142857,7.785714286,6.285714286,4.330671429,1.051457143,1.669342857,0.993242857,0.633085714,9.857142857,2,3.857142857,2.571428571,3.714285714
11-May-19,35.66666667,9,20.33333333,7.666666667,6.666666667,6.7693,0.6922,1.8639,0.5393,0.7095,8,2,3,2,5,38.23809524,8.285714286,19.61904762,7.952380952,6.238095238,4.579542857,0.898971429,1.626714286,0.8837,0.6337,9.285714286,2,3.714285714,2.142857143,3.714285714
12-May-19,35.66666667,9,20.33333333,7.666666667,6.666666667,4.1143,1.0435,0.9963,1.2758,1.1695,8,2,3,4,5,37.61904762,8.428571429,19.80952381,8.047619048,6.333333333,4.313128571,0.952671429,1.4651,0.867914286,0.688128571,8.857142857,1.857142857,3.571428571,2.285714286,3.714285714
13-May-19,35.66666667,9.333333333,20.33333333,7.666666667,6.666666667,6.3013,1.026,1.6437,1.1711,1.1203,6,1,3,2,3,37.14285714,8.619047619,20,8,6.428571429,4.5311,1.039171429,1.378342857,0.870685714,0.775442857,8.571428571,1.857142857,3.428571429,2.285714286,3.714285714
14-May-19,37,9,18,6.5,6,5.5627,0.8087,2.0687,1.0842,0.7312,7,2,3,2,5,36.85714286,8.761904762,19.85714286,7.785714286,6.428571429,4.589457143,1.0394,1.420542857,0.892385714,0.6777,7.571428571,1.857142857,3.285714286,2.285714286,3.857142857
15-May-19,39,9,19,8,6,4.785,1.4602,1.5796,1.5358,0.4302,6,2,3,2,3,36.85714286,8.904761905,19.85714286,7.785714286,6.428571429,5.073428571,1.076214286,1.572471429,1.041571429,0.707557143,7.142857143,1.857142857,3.285714286,2.285714286,3.857142857
16-May-19,35.66666667,10.66666667,16.66666667,9,5.666666667,4.4877,0.931,1.2371,1.5218,0.5552,7,2,3,2,3,36.38095238,9.285714286,19.52380952,7.928571429,6.380952381,5.417385714,1.084885714,1.590642857,1.168457143,0.714814286,7.142857143,1.857142857,3.142857143,2.285714286,3.857142857
17-May-19,35,10,16,8.25,5.75,4.6736,1.0763,2.1555,0.4308,1.2358,6,2,4,2,4,36.23809524,9.428571429,18.66666667,7.821428571,6.202380952,5.241985714,1.005414286,1.649257143,1.079828571,0.850242857,6.857142857,1.857142857,3.142857143,2.285714286,4
18-May-19,35,10,16,8.25,5.75,8.1583,1.3124,2.0571,0.7175,1.007,10,2,4,2,4,36.14285714,9.571428571,18.04761905,7.904761905,6.071428571,5.440414286,1.094014286,1.676857143,1.105285714,0.892742857,7.142857143,1.857142857,3.285714286,2.285714286,3.857142857
19-May-19,35.66666667,10.66666667,16.66666667,9,5.666666667,5.959,1.1239,2.1666,0.6856,1.6748,10,2,5,2,8,36.14285714,9.80952381,17.52380952,8.095238095,5.928571429,5.703942857,1.1055,1.844042857,1.020971429,0.964928571,7.428571429,1.857142857,3.571428571,2,4.285714286
20-May-19,36.25,10.25,17.5,8.5,6,5.723,1.0969,1.8532,1.7664,2.792,7,2,4,2,12,36.22619048,9.94047619,17.11904762,8.214285714,5.833333333,5.621328571,1.115628571,1.873971429,1.106014286,1.203742857,7.571428571,2,3.714285714,2,5.571428571
21-May-19,38,9,20,7,7,5.2709,0.7075,0.8608,0.7275,0.8563,7,2,4,2,7,36.36904762,9.94047619,17.4047619,8.285714286,5.976190476,5.579642857,1.101171429,1.701414286,1.055057143,1.221614286,7.571428571,2,3.857142857,2,5.857142857
22-May-19,38,9,20,7,7,3.0838,0.6007,1.2221,0.1282,0.2171,6,2,4,1,5,36.22619048,9.94047619,17.54761905,8.142857143,6.119047619,5.336614286,0.978385714,1.650342857,0.853971429,1.191171429,7.571428571,2,4,1.857142857,6.142857143
23-May-19,38,9,20,7,7,1.0321,0.6118,0.8389,0.6416,0.4163,5,2,3,2,5,36.55952381,9.702380952,18.02380952,7.857142857,6.30952381,4.842957143,0.932785714,1.593457143,0.728228571,1.171328571,7.285714286,2,4,1.857142857,6.428571429
24-May-19,38,9,20,7,7,1.8023,0.631,0.6796,0.3325,0.4611,4,2,3,1,5,36.98809524,9.55952381,18.5952381,7.678571429,6.488095238,4.432771429,0.869171429,1.382614286,0.714185714,1.060657143,7,2,3.857142857,1.714285714,6.571428571
25-May-19,38,9,20,7,7,3.0834,1.1859,2.7555,0.8579,0.5043,4,1,4,1,4,37.41666667,9.416666667,19.16666667,7.5,6.666666667,3.707785714,0.8511,1.482385714,0.734242857,0.988842857,6.142857143,1.857142857,3.857142857,1.571428571,6.571428571
26-May-19,38,9,20,7,7,5.6388,1.1625,1.577,0.8136,0.4754,6,2,4,1,6,37.75,9.178571429,19.64285714,7.214285714,6.857142857,3.662042857,0.856614286,1.398157143,0.752528571,0.8175,5.571428571,1.857142857,3.714285714,1.428571429,6.285714286
27-May-19,38,10,19,7,7,6.6374,2.0402,1.0846,0.2786,0.6005,6,1,3,1,4,38,9.142857143,19.85714286,7,7,3.792671429,0.991371429,1.288357143,0.539985714,0.504428571,5.428571429,1.714285714,3.571428571,1.285714286,5.142857143
28-May-19,35,8.5,18.5,7.5,6,11.2543,1.2227,1.3987,1.7016,0.9197,8,2,3,2,4,37.57142857,9.071428571,19.64285714,7.071428571,6.857142857,4.647442857,1.064971429,1.3652,0.679142857,0.513485714,5.571428571,1.714285714,3.428571429,1.285714286,4.714285714
29-May-19,35.33333333,7.333333333,18,7.666666667,5.666666667,5.3902,0.8694,0.829,2.3314,0.2853,9,2,3,5,3,37.19047619,8.833333333,19.35714286,7.166666667,6.666666667,4.976928571,1.103357143,1.309042857,0.993885714,0.523228571,6,1.714285714,3.285714286,1.857142857,4.428571429
30-May-19,35.33333333,7.333333333,18,7.666666667,5.666666667,2.6332,0.7872,1.3195,0.3105,0.1098,6,3,3,2,3,36.80952381,8.595238095,19.07142857,7.261904762,6.476190476,5.205657143,1.128414286,1.3777,0.946585714,0.479442857,6.142857143,1.857142857,3.285714286,1.857142857,4.142857143
31-May-19,35,8.5,18.5,7.5,6,1.6992,1.8436,1.1086,0.4565,0.47,5,4,2,1,3,36.38095238,8.523809524,18.85714286,7.333333333,6.333333333,5.190928571,1.301642857,1.438985714,0.9643,0.480714286,6.285714286,2.142857143,3.142857143,1.857142857,3.857142857
1-Jun-19,36.5,7.5,17.5,5.5,7.5,2.169,1.1116,0.812,1.0275,0.1284,4,3,3,1,2,36.16666667,8.30952381,18.5,7.119047619,6.404761905,5.0603,1.291028571,1.161342857,0.988528571,0.427014286,6.285714286,2.428571429,3,1.857142857,3.571428571
2-Jun-19,33.33333333,9,16.66666667,6.666666667,8.333333333,4.3343,1.5667,1.1483,1.1869,0.3899,4,2,3,8,3,35.5,8.30952381,18.02380952,7.071428571,6.595238095,4.873942857,1.348771429,1.1001,1.041857143,0.4148,6,2.428571429,2.857142857,2.857142857,3.142857143
3-Jun-19,32,11.5,17,8,8.5,2.9116,0.4608,0.8662,0.5601,0.8563,4,2,3,6,3,34.64285714,8.523809524,17.73809524,7.214285714,6.80952381,4.341685714,1.123142857,1.0689,1.082071429,0.451342857,5.714285714,2.571428571,2.857142857,3.571428571,3
4-Jun-19,32,11.5,17,8,8.5,4.5123,1.049,1.0394,0.8692,1.019,6,2,3,3,4,34.21428571,8.952380952,17.52380952,7.285714286,7.166666667,3.378542857,1.098328571,1.017571429,0.963157143,0.465528571,5.428571429,2.571428571,2.857142857,3.714285714,3
5-Jun-19,37,11,19,7,7,6.2896,2.0387,1.8979,0.3531,0.5192,7,3,3,1,3,34.45238095,9.476190476,17.66666667,7.19047619,7.357142857,3.507028571,1.265371429,1.170271429,0.680542857,0.498942857,5.142857143,2.714285714,2.857142857,3.142857143,3
6-Jun-19,33.5,13,19,7,7.5,4.9994,2.9562,1.1785,0.232,0.4239,6,6,3,1,2,34.19047619,10.28571429,17.80952381,7.095238095,7.619047619,3.845057143,1.575228571,1.150128571,0.669328571,0.543814286,5.142857143,3.142857143,2.857142857,3,2.857142857
7-Jun-19,33.5,13,19,7,7.5,7.9904,0.6721,0.7941,0.5661,0.3917,7,3,3,1,2,33.97619048,10.92857143,17.88095238,7.023809524,7.833333333,4.7438,1.407871429,1.1052,0.684985714,0.532628571,5.428571429,3,3,3,2.714285714
8-Jun-19,33.5,13,19,7,7.5,7.0648,0.6653,0.6334,0.4004,0.5519,6,2,3,1,3,33.54761905,11.71428571,18.0952381,7.238095238,7.833333333,5.4432,1.344114286,1.079685714,0.5954,0.593128571,5.714285714,2.857142857,3,3,2.857142857
9-Jun-19,31.5,12.75,15.75,7.25,7.75,6.6881,2.6225,2.655,1.2159,1.441,5,3,3,2,4,33.28571429,12.25,17.96428571,7.321428571,7.75,5.779457143,1.494942857,1.294928571,0.599542857,0.743285714,5.857142857,3,3,2.142857143,3
10-Jun-19,31.75,12.75,15.75,7.25,7.75,7.0142,2.633,2.2197,0.5819,1.3375,5,3,3,1,3,33.25,12.42857143,17.78571429,7.214285714,7.642857143,6.365542857,1.805257143,1.488285714,0.602657143,0.812028571,6,3.142857143,3,1.428571429,3
11-Jun-19,31.75,11.5,14.75,7.5,8,15.1815,1.5963,1.2389,0.3477,1.4666,10,3,2,2,4,33.21428571,12.42857143,17.46428571,7.142857143,7.571428571,7.889714286,1.883442857,1.516785714,0.528157143,0.875971429,6.571428571,3.285714286,2.857142857,1.285714286,3
12-Jun-19,33,11.25,15.25,7.75,7.25,14.8158,2.0994,5.0862,1.206,0.9539,17,3,4,2,3,32.64285714,12.46428571,16.92857143,7.25,7.607142857,9.107742857,1.892114286,1.972257143,0.65,0.938071429,8,3.285714286,3,1.428571429,3
13-Jun-19,33.33333333,12,16,7.666666667,7,4.0938,1.7335,2.9178,1.3324,0.3245,10,3,4,2,2,32.61904762,12.32142857,16.5,7.345238095,7.535714286,8.978371429,1.717442857,2.220728571,0.8072,0.923871429,8.571428571,2.857142857,3.142857143,1.571428571,3
14-Jun-19,33.75,10.75,15.25,7,6.25,4.954,2.4385,2.7496,1.1131,1.0587,6,3,4,1,3,32.6547619,12,15.96428571,7.345238095,7.357142857,8.5446,1.969785714,2.500085714,0.885342857,1.019157143,8.428571429,2.857142857,3.285714286,1.571428571,3.142857143
15-Jun-19,33.75,10.75,15.25,7,6.25,4.7389,3.6759,2.6419,1.224,1.3549,5,4,3,1,3,32.69047619,11.67857143,15.42857143,7.345238095,7.178571429,8.212328571,2.399871429,2.787014286,1.003,1.133871429,8.285714286,3.142857143,3.285714286,1.571428571,3.142857143
16-Jun-19,32,14,15,7.333333333,7,5.9227,2.4794,2.5189,1.3496,1.2255,6,3,3,1,4,32.76190476,11.85714286,15.32142857,7.357142857,7.071428571,8.102985714,2.379428571,2.767571429,1.0221,1.103085714,8.428571429,3.142857143,3.285714286,1.428571429,3.142857143
17-Jun-19,32,14.66666667,15,7,7,6.8128,3.7183,2.9262,1.3802,1.2627,6,4,3,1,4,32.79761905,12.13095238,15.21428571,7.321428571,6.964285714,8.074214286,2.534471429,2.8685,1.136142857,1.0924,8.571428571,3.285714286,3.285714286,1.428571429,3.285714286
18-Jun-19,32,14.5,15.5,6.5,8,6.0052,1.6116,1.6892,0.4541,0.7907,7,3,3,1,3,32.83333333,12.55952381,15.32142857,7.178571429,6.964285714,6.763314286,2.536657143,2.932828571,1.151342857,0.995842857,8.142857143,3.285714286,3.428571429,1.285714286,3.142857143
19-Jun-19,38,13,19,6,7,7.2702,2.4386,2.6218,0.9175,0.4689,11,3,4,2,2,33.54761905,12.80952381,15.85714286,6.928571429,6.928571429,5.685371429,2.585114286,2.580771429,1.110128571,0.926557143,7.285714286,3.285714286,3.428571429,1.285714286,3
20-Jun-19,38,13,19,6,7,11.2531,2.3315,2.0879,0.5763,0.1681,16,4,3,2,2,34.21428571,12.95238095,16.28571429,6.69047619,6.928571429,6.708128571,2.670542857,2.462214286,1.002114286,0.904214286,8.142857143,3.428571429,3.285714286,1.285714286,3
21-Jun-19,38,13,19,6,7,8.5898,0.9452,0.542,0.4996,0.2618,11,3,3,2,2,34.82142857,13.27380952,16.82142857,6.547619048,7.035714286,7.227528571,2.457214286,2.146842857,0.914471429,0.790371429,8.857142857,3.428571429,3.142857143,1.428571429,2.857142857
22-Jun-19,32.33333333,15.33333333,20.33333333,6.666666667,6.333333333,7.9643,1.9234,2.104,1.7974,1.1863,7,4,4,2,6,34.61904762,13.92857143,17.54761905,6.5,7.047619048,7.6883,2.206857143,2.07,0.996385714,0.766285714,9.142857143,3.428571429,3.285714286,1.571428571,3.285714286
23-Jun-19,32.33333333,15.33333333,20.33333333,6.666666667,6.333333333,5.8555,1.0363,0.975,0.7725,1.4249,7,3,3,2,6,34.66666667,14.11904762,18.30952381,6.404761905,6.952380952,7.6787,2.0007,1.849442857,0.913942857,0.794771429,9.285714286,3.428571429,3.285714286,1.714285714,3.571428571
24-Jun-19,29.5,16.5,21,7,6,4.6693,2.1408,3.7472,0.8802,2.4202,5,4,8,2,6,34.30952381,14.38095238,19.16666667,6.404761905,6.80952381,7.372485714,1.775342857,1.966728571,0.842514286,0.960128571,9.142857143,3.428571429,4,1.857142857,3.857142857
25-Jun-19,25,19,15,7,6,5.6346,3.8719,2.8552,0.6058,1.1712,6,5,7,2,4,33.30952381,15.02380952,19.0952381,6.476190476,6.523809524,7.319542857,2.098242857,2.1333,0.864185714,1.014485714,9,3.714285714,4.571428571,2,4
26-Jun-19,34,11,15,9,3,2.9245,4.7846,1.9968,0.6209,0.4701,6,6,6,2,4,32.73809524,14.73809524,18.52380952,6.904761905,5.952380952,6.698728571,2.433385714,2.044014286,0.821814286,1.014657143,8.285714286,4.142857143,4.857142857,2,4.285714286
27-Jun-19,33.5,11.5,17,10.5,4.5,9.2098,8.2207,5.9786,1.7952,1.1731,12,26,13,5,7,32.0952381,14.52380952,18.23809524,7.547619048,5.595238095,6.406828571,3.2747,2.599828571,0.995942857,1.158228571,7.714285714,7.285714286,6.285714286,2.428571429,5
28-Jun-19,28.2,12.8,16,14.2,4.2,21.6691,2.1251,4.9676,13.9539,2.6463,57,12,29,100,44,30.6952381,14.4952381,17.80952381,8.719047619,5.195238095,8.2753,3.443257143,3.232057143,2.917985714,1.498871429,14.28571429,8.571428571,10,16.42857143,11
29-Jun-19,28.2,12.2,15.2,14,4.2,9.8827,1.6113,2.3036,7.1107,1.4772,18,6,9,41,10,30.1047619,14.04761905,17.07619048,9.766666667,4.89047619,8.549357143,3.398671429,3.260571429,3.677028571,1.540428571,15.85714286,8.857142857,10.71428571,22,11.57142857
30-Jun-19,26,13.8,14,15.2,5.2,3.8445,1.1193,1.2742,5.0688,0.4517,13,5,8,36,6,29.2,13.82857143,16.17142857,10.98571429,4.728571429,8.262071429,3.410528571,3.303314286,4.290785714,1.4014,16.71428571,9.142857143,11.42857143,26.85714286,11.57142857
1-Jul-19,26.5,14.5,15,15.5,5.5,7.4434,2.0542,2.0798,7.1244,2.2443,11,4,6,25,6,28.77142857,13.54285714,15.31428571,12.2,4.657142857,8.658371429,3.398157143,3.065114286,5.182814286,1.376271429,17.57142857,9.142857143,11.14285714,30.14285714,11.57142857
2-Jul-19,27,16,14,14.5,7,8.3587,3.2364,3.6595,7.4917,2.2458,9,4,5,17,5,29.05714286,13.11428571,15.17142857,13.27142857,4.8,9.047528571,3.307371429,3.180014286,6.166514286,1.529785714,18,9,10.85714286,32.28571429,11.71428571
3-Jul-19,31,13,19,14,6,5.4477,2.348,2.838,6.0184,2.1549,6,3,4,12,4,28.62857143,13.4,15.74285714,13.98571429,5.228571429,9.407985714,2.959285714,3.300185714,6.937585714,1.770471429,18,8.571428571,10.57142857,33.71428571,11.71428571
4-Jul-19,31,13,19,14,6,4.9591,0.658,1.0987,3.5715,0.8333,6,3,4,11,4,28.27142857,13.61428571,16.02857143,14.48571429,5.442857143,8.800742857,1.8789,2.603057143,7.191342857,1.721928571,17.14285714,5.285714286,9.285714286,34.57142857,11.28571429
5-Jul-19,31,13,19,14,6,6.6011,0.9917,1.0698,3.8759,0.5554,8,2,4,10,4,28.67142857,13.64285714,16.45714286,14.45714286,5.7,6.648171429,1.716985714,2.046228571,5.751628571,1.423228571,10.14285714,3.857142857,5.714285714,21.71428571,5.571428571
6-Jul-19,30.5,14,17,14.5,5.5,5.9349,1.3598,1.3346,3.4148,0.5356,7,3,4,9,3,29,13.9,16.71428571,14.52857143,5.885714286,6.0842,1.681057143,1.9078,5.223642857,1.288714286,8.571428571,3.428571429,5,17.14285714,4.571428571
7-Jul-19,27.25,16.25,14.75,14.25,6,7.8434,1.108,0.9298,3.4409,0.8016,7,2,4,9,2,29.17857143,14.25,16.82142857,14.39285714,6,6.655471429,1.679442857,1.8586,4.991085714,1.3387,7.714285714,3,4.428571429,13.28571429,4
8-Jul-19,27.5,16.5,14.75,14,5.75,7.7353,1.4711,1.0933,3.9167,0.6186,6,3,3,6,2,29.32142857,14.53571429,16.78571429,14.17857143,6.035714286,6.697171429,1.596142857,1.717671429,4.532842857,1.106457143,7,2.857142857,4,10.57142857,3.428571429
9-Jul-19,26.66666667,17,14.66666667,13.66666667,6,5.6081,1.5023,1.6197,1.9993,0.1749,6,3,3,6,2,29.27380952,14.67857143,16.88095238,14.05952381,5.892857143,6.304228571,1.348414286,1.426271429,3.748214286,0.810614286,6.571428571,2.714285714,3.714285714,9,3
10-Jul-19,32,14,19,13,5,1.9954,0.8511,1.1293,0.9468,0.181,4,2,3,4,2,29.41666667,14.82142857,16.88095238,13.91666667,5.75,5.811042857,1.134571429,1.182171429,3.0237,0.528628571,6.285714286,2.571428571,3.571428571,7.857142857,2.714285714
11-Jul-19,32,14,19,13,5,3.6601,0.7129,1.1967,0.9363,0.972,4,2,4,4,3,29.55952381,14.96428571,16.88095238,13.77380952,5.607142857,5.625471429,1.142414286,1.196171429,2.647242857,0.548442857,6,2.428571429,3.571428571,6.857142857,2.571428571
12-Jul-19,30.5,11.5,17.5,12,3,5.4381,3.0643,1.6348,3.4826,1.1483,4,2,3,7,2,29.48809524,14.75,16.66666667,13.48809524,5.178571429,5.459328571,1.4385,1.276885714,2.591057143,0.633142857,5.428571429,2.428571429,3.428571429,6.428571429,2.285714286
13-Jul-19,30.5,11.5,17.5,12,3,1.6691,0.2906,0.2941,0.5859,0.2231,3,2,3,4,3,29.48809524,14.39285714,16.73809524,13.13095238,4.821428571,4.849928571,1.285757143,1.128242857,2.186928571,0.5885,4.857142857,2.285714286,3.285714286,5.714285714,2.285714286
14-Jul-19,28.5,15,15.5,12,5.5,2.2923,1.2064,0.9459,1.2085,0.3983,4,3,3,3,4,29.66666667,14.21428571,16.8452381,12.80952381,4.75,4.056914286,1.299814286,1.130542857,1.868014286,0.530885714,4.428571429,2.428571429,3.142857143,4.857142857,2.571428571
15-Jul-19,29,15,15,12,5.5,3.4886,1.0989,1.6886,1.0436,0.3083,4,2,3,3,3,29.88095238,14,16.88095238,12.52380952,4.714285714,3.450242857,1.246642857,1.215585714,1.457571429,0.486557143,4.142857143,2.285714286,3.142857143,4.428571429,2.714285714
16-Jul-19,29,15,15,12,5.5,5.4135,1.4572,2.3951,1.823,0.48,5,2,3,4,2,30.21428571,13.71428571,16.92857143,12.28571429,4.642857143,3.422442857,1.2402,1.326357143,1.432385714,0.530142857,4,2.142857143,3.142857143,4.142857143,2.714285714
17-Jul-19,33,14,18,13,5,3.6259,1.296,3.1306,2.216,0.5708,4,2,4,4,2,30.35714286,13.71428571,16.78571429,12.28571429,4.642857143,3.655371429,1.303757143,1.612257143,1.6137,0.585828571,4,2.142857143,3.285714286,4.142857143,2.714285714
18-Jul-19,33,14,18,13,5,2.4238,1.6892,1.8929,1.5852,0.3715,4,2,3,4,2,30.5,13.71428571,16.64285714,12.28571429,4.642857143,3.478757143,1.443228571,1.711714286,1.7064,0.500042857,4,2.142857143,3.142857143,4.142857143,2.571428571
19-Jul-19,33,14,18,13,5,6.5102,3.7331,4.3434,3.9346,1.0433,4,2,5,4,2,30.85714286,14.07142857,16.71428571,12.42857143,4.928571429,3.631914286,1.538771429,2.098657143,1.770971429,0.485042857,4,2.142857143,3.428571429,3.714285714,2.571428571
20-Jul-19,33,14,18,13,5,1.8427,1.2193,1.8277,1.2144,0.1805,3,2,5,2,2,31.21428571,14.42857143,16.78571429,12.57142857,5.214285714,3.656714286,1.671442857,2.317742857,1.860757143,0.478957143,4,2.142857143,3.714285714,3.428571429,2.428571429
21-Jul-19,30.33333333,14.66666667,15.33333333,10.66666667,5.666666667,1.6961,1.2093,1.7834,0.7389,0.3717,4,2,5,3,2,31.47619048,14.38095238,16.76190476,12.38095238,5.238095238,3.571542857,1.671857143,2.437385714,1.793671429,0.475157143,4,2,4,3.428571429,2.142857143
22-Jul-19,30.33333333,14.33333333,15.33333333,10.33333333,5.666666667,1.793,1.4641,1.7475,1.1704,0.1975,3,3,5,3,2,31.66666667,14.28571429,16.80952381,12.14285714,5.261904762,3.329314286,1.724028571,2.4458,1.811785714,0.459328571,3.857142857,2.142857143,4.285714286,3.428571429,2
23-Jul-19,30.33333333,14.33333333,15.33333333,10.33333333,5.666666667,2.4316,0.786,0.677,1.1649,0.0906,3,3,4,3,2,31.85714286,14.19047619,16.85714286,11.9047619,5.285714286,2.903328571,1.628142857,2.200357143,1.717771429,0.4037,3.571428571,2.285714286,4.428571429,3.285714286,2
24-Jul-19,33,13,18,12,5,0.6053,0.2079,0.0403,0.2623,0.0208,3,3,4,3,2,31.85714286,14.04761905,16.85714286,11.76190476,5.285714286,2.471814286,1.4727,1.758885714,1.438671429,0.325128571,3.428571429,2.428571429,4.428571429,3.142857143,2
25-Jul-19,32.33333333,15,13.66666667,11.66666667,5.666666667,4.6634,0.2127,0.345,2.315,0.0864,3,2,3,3,2,31.76190476,14.19047619,16.23809524,11.57142857,5.380952381,2.791757143,1.261771429,1.537757143,1.542928571,0.2844,3.285714286,2.428571429,4.428571429,3,2
26-Jul-19,32.33333333,15,13.66666667,11.66666667,5.666666667,8.9136,1.286,1.3775,4.315,0.4752,4,2,4,3,2,31.66666667,14.33333333,15.61904762,11.38095238,5.476190476,3.1351,0.912185714,1.114057143,1.597271429,0.203242857,3.285714286,2.428571429,4.285714286,2.857142857,2
27-Jul-19,31.66666667,15.16666667,15.66666667,11,5.666666667,4.956,2.831,1.8718,3.3169,0.6221,4,2,4,3,2,31.47619048,14.5,15.28571429,11.0952381,5.571428571,3.579857143,1.142428571,1.120357143,1.897628571,0.266328571,3.428571429,2.428571429,4.142857143,3,2
28-Jul-19,31.66666667,15.16666667,15.66666667,11,5.666666667,4.5393,1.5349,2.7737,2.0842,0.4941,3,2,5,3,2,31.66666667,14.57142857,15.33333333,11.14285714,5.571428571,3.986028571,1.188942857,1.261828571,2.089814286,0.283814286,3.285714286,2.428571429,4.142857143,3,2
29-Jul-19,29.66666667,17,15,11,6,3.4257,1.277,3.2325,3.1203,0.3034,3,2,5,5,2,31.57142857,14.95238095,15.28571429,11.23809524,5.619047619,4.219271429,1.162214286,1.473971429,2.368371429,0.298942857,3.285714286,2.285714286,4.142857143,3.285714286,2
30-Jul-19,28,18.5,12.5,11,6,6.5362,7.1668,8.2187,3.661,2.0955,4,3,6,5,3,31.23809524,15.54761905,14.88095238,11.33333333,5.666666667,4.805642857,2.073757143,2.551357143,2.724957143,0.585357143,3.428571429,2.285714286,4.428571429,3.571428571,2.142857143
31-Jul-19,32,12.5,14.5,10,5,12.4423,9.7646,9.2012,7.0835,1.8774,9,20,23,8,18,31.0952381,15.47619048,14.38095238,11.04761905,5.666666667,6.496642857,3.439,3.860057143,3.699414286,0.850585714,4.285714286,4.714285714,7.142857143,4.285714286,4.428571429
1-Aug-19,32.2,16,16.2,9.2,5.8,19.7412,3.3948,2.2842,9.6932,0.339,44,9,11,39,6,31.07619048,15.61904762,14.74285714,10.6952381,5.685714286,8.650614286,3.893585714,4.137085714,4.753442857,0.886671429,10.14285714,5.714285714,8.285714286,9.428571429,5
2-Aug-19,32.66666667,18.33333333,17.66666667,8.333333333,6.333333333,7.5046,1.7927,1.5889,2.3149,0.5615,9,5,6,11,3,31.12380952,16.0952381,15.31428571,10.21904762,5.780952381,8.449328571,3.965971429,4.167285714,4.467714286,0.899,10.85714286,6.142857143,8.571428571,10.57142857,5.142857143
3-Aug-19,30.75,18.25,16.5,8.25,6.5,4.0689,1.2631,0.8828,1.3475,0.2648,6,4,6,7,3,30.99285714,16.53571429,15.43333333,9.826190476,5.9,8.3226,3.741985714,4.026,4.186371429,0.847957143,11.14285714,6.428571429,8.857142857,11.14285714,5.285714286
4-Aug-19,30.75,18.25,16.5,8.25,6.5,0.5504,0.237,0.5378,0.6776,0.4858,5,3,5,5,4,30.86190476,16.97619048,15.55238095,9.433333333,6.019047619,7.752757143,3.556571429,3.706585714,3.985428571,0.846771429,11.42857143,6.571428571,8.857142857,11.42857143,5.571428571
5-Aug-19,30,19.33333333,15.66666667,8,6.666666667,1.2881,0.4218,0.8469,0.7344,0.0226,7,4,4,3,2,30.90952381,17.30952381,15.64761905,9.004761905,6.114285714,7.447385714,3.4344,3.365785714,3.644585714,0.806657143,12,6.857142857,8.714285714,11.14285714,5.571428571
6-Aug-19,25,18,13,8,7,1.3759,1.5596,0.9483,0.2927,0.5823,9,4,5,3,2,30.48095238,17.23809524,15.71904762,8.576190476,6.257142857,6.7102,2.633371429,2.327157143,3.1634,0.590485714,12.71428571,7,8.571428571,10.85714286,5.428571429
7-Aug-19,,,,,,4.3233,1.8962,1.429,0.9345,0.24,9,3,10,3,2,,,,,,,,,,,,,,,
8-Aug-19,,,,,,5.5468,2.1508,1.1458,0.6394,0.332,7,4,7,3,2,,,,,,,,,,,,,,,
9-Aug-19,,,,,,5.3174,1.704,0.6508,1.1628,0.1108,21,3,6,3,2,,,,,,,,,,,,,,,
10-Aug-19,,,,,,3.3511,2.0003,0.9441,1.594,0.2669,,,,,,,,,,,,,,,,,,,,
11-Aug-19,,,,,,3.3385,1.4924,0.741,1.0663,0.0769,,,,,,,,,,,,,,,,,,,,
